{"cameraMode":{"drawMode":0,"name":"Shaded","section":"Shading Mode"},"sceneLighting":true,"audioPlay":false,"sceneViewState":{"showFog":true,"showMaterialUpdate":false,"showSkybox":true,"showFlares":true,"showImageEffects":true,"showParticleSystems":true},"in2DMode":false,"pivot":{"x":196.15048217773438,"y":3.030423879623413,"z":222.16436767578126},"rotation":{"x":0.06231864541769028,"y":0.694218099117279,"z":-0.0605495311319828,"w":0.7145008444786072},"size":12.082969665527344,"orthographic":false}